{"layout":"Senevo Default - Landscape","description":"","regions":{"683":"","684":"","685":""},"drawers":{"686":"Senevo Default - Landscape-1 - drawer"},"layoutDefinitions":{"layoutId":418,"ownerId":4,"campaignId":7,"parentId":null,"publishedStatusId":1,"publishedStatus":"Published","publishedDate":null,"backgroundImageId":780,"schemaVersion":4,"layout":"Senevo Default - Landscape","description":"","backgroundColor":"#38414a","createdDt":"2023-11-03 13:55:51","modifiedDt":"2023-11-03 13:57:18","status":1,"retired":0,"backgroundzIndex":0,"width":1920,"height":1080,"orientation":"landscape","displayOrder":null,"duration":60,"statusMessage":null,"enableStat":1,"autoApplyTransitions":0,"code":null,"isLocked":null,"regions":[{"regionId":683,"layoutId":418,"ownerId":4,"type":"frame","name":"","width":717,"height":581,"top":-71,"left":40,"zIndex":0,"syncKey":null,"regionOptions":[{"regionId":683,"option":"loop","value":"0"},{"regionId":683,"option":"transitionDirection","value":null},{"regionId":683,"option":"transitionDuration","value":null},{"regionId":683,"option":"transitionType","value":null}],"permissions":[],"duration":10,"isDrawer":0,"actions":[],"tempId":null,"regionPlaylist":{"playlistId":692,"ownerId":4,"name":"","regionId":683,"isDynamic":0,"filterMediaName":null,"filterMediaNameLogicalOperator":"OR","filterMediaTags":null,"filterExactTags":0,"filterMediaTagsLogicalOperator":"OR","maxNumberOfItems":0,"createdDt":"2023-11-03 13:55:51","modifiedDt":"2023-11-03 13:55:52","duration":0,"requiresDurationUpdate":0,"enableStat":null,"tags":[],"widgets":[{"widgetId":1334,"playlistId":692,"ownerId":4,"type":"image","duration":10,"displayOrder":1,"useDuration":0,"calculatedDuration":10,"createdDt":1698919234,"modifiedDt":1699019751,"fromDt":0,"toDt":2147483647,"schemaVersion":1,"transitionIn":null,"transitionOut":null,"transitionDurationIn":null,"transitionDurationOut":null,"widgetOptions":[],"mediaIds":[782],"audio":[],"permissions":[],"playlist":"","actions":[],"tempId":null,"tempWidgetId":null,"isValid":false,"isNew":false,"folderId":1,"permissionsFolderId":1,"isDynamic":0}],"permissions":[],"tempId":null,"owner":"senevodesigns","groupsWithPermissions":null,"folderId":1,"permissionsFolderId":1}},{"regionId":684,"layoutId":418,"ownerId":4,"type":"canvas","name":"","width":1920,"height":1080,"top":0,"left":0,"zIndex":2,"syncKey":null,"regionOptions":[],"permissions":[],"duration":60,"isDrawer":0,"actions":[],"tempId":null,"regionPlaylist":{"playlistId":693,"ownerId":4,"name":"","regionId":684,"isDynamic":0,"filterMediaName":null,"filterMediaNameLogicalOperator":"OR","filterMediaTags":null,"filterExactTags":0,"filterMediaTagsLogicalOperator":"OR","maxNumberOfItems":0,"createdDt":"2023-11-03 13:55:51","modifiedDt":"2023-11-03 13:55:52","duration":0,"requiresDurationUpdate":0,"enableStat":null,"tags":[],"widgets":[{"widgetId":1335,"playlistId":693,"ownerId":4,"type":"global","duration":60,"displayOrder":1,"useDuration":0,"calculatedDuration":60,"createdDt":1698919365,"modifiedDt":1699019751,"fromDt":0,"toDt":2147483647,"schemaVersion":1,"transitionIn":null,"transitionOut":null,"transitionDurationIn":null,"transitionDurationOut":null,"widgetOptions":[{"widgetId":1335,"type":"attrib","option":"enableStat","value":"Off"},{"widgetId":1335,"type":"attrib","option":"itemsPerPage","value":"1"},{"widgetId":1335,"type":"attrib","option":"name","value":""},{"widgetId":1335,"type":"raw","option":"elements","value":"[{\"elements\":[{\"id\":\"text\",\"elementId\":\"element_text_677503\",\"type\":\"global\",\"left\":358,\"top\":948,\"width\":1300,\"height\":101,\"layer\":0,\"rotation\":0,\"properties\":[{\"id\":\"text\",\"value\":\"Tel: 02920 20002502     I     Email: hello@senevodesigns.co.uk\"},{\"id\":\"fontFamily\",\"value\":\"\"},{\"id\":\"fontColor\",\"value\":\"#f9f9f9\"},{\"id\":\"fontSize\",\"value\":\"30\"},{\"id\":\"lineHeight\",\"value\":\"1.2\"},{\"id\":\"bold\",\"value\":false},{\"id\":\"italics\",\"value\":false},{\"id\":\"underline\",\"value\":false},{\"id\":\"textWrap\",\"value\":true},{\"id\":\"justify\",\"value\":false},{\"id\":\"showOverflow\",\"value\":true},{\"id\":\"textShadow\",\"value\":false},{\"id\":\"textShadowColor\",\"value\":\"\"},{\"id\":\"shadowX\",\"value\":\"1\"},{\"id\":\"shadowY\",\"value\":\"1\"},{\"id\":\"shadowBlur\",\"value\":\"2\"},{\"id\":\"horizontalAlign\",\"value\":\"center\"},{\"id\":\"verticalAlign\",\"value\":\"center\"}],\"effect\":\"noTransition\"}]}]"}],"mediaIds":[],"audio":[],"permissions":[],"playlist":"","actions":[],"tempId":null,"tempWidgetId":null,"isValid":false,"isNew":false,"folderId":1,"permissionsFolderId":1,"isDynamic":0}],"permissions":[],"tempId":null,"owner":"senevodesigns","groupsWithPermissions":null,"folderId":1,"permissionsFolderId":1}},{"regionId":685,"layoutId":418,"ownerId":4,"type":"frame","name":"","width":250,"height":250,"top":765,"left":1599,"zIndex":3,"syncKey":null,"regionOptions":[{"regionId":685,"option":"loop","value":"0"},{"regionId":685,"option":"transitionDirection","value":null},{"regionId":685,"option":"transitionDuration","value":null},{"regionId":685,"option":"transitionType","value":null}],"permissions":[],"duration":10,"isDrawer":0,"actions":[],"tempId":null,"regionPlaylist":{"playlistId":694,"ownerId":4,"name":"","regionId":685,"isDynamic":0,"filterMediaName":null,"filterMediaNameLogicalOperator":"OR","filterMediaTags":null,"filterExactTags":0,"filterMediaTagsLogicalOperator":"OR","maxNumberOfItems":0,"createdDt":"2023-11-03 13:55:51","modifiedDt":"2023-11-03 13:57:18","duration":0,"requiresDurationUpdate":0,"enableStat":null,"tags":[],"widgets":[{"widgetId":1336,"playlistId":694,"ownerId":4,"type":"image","duration":10,"displayOrder":1,"useDuration":0,"calculatedDuration":10,"createdDt":1698920000,"modifiedDt":1699019751,"fromDt":0,"toDt":2147483647,"schemaVersion":1,"transitionIn":null,"transitionOut":null,"transitionDurationIn":null,"transitionDurationOut":null,"widgetOptions":[{"widgetId":1336,"type":"attrib","option":"deleteOnExpiry","value":"0"},{"widgetId":1336,"type":"attrib","option":"enableStat","value":"Inherit"},{"widgetId":1336,"type":"attrib","option":"name","value":""}],"mediaIds":[786],"audio":[],"permissions":[],"playlist":"","actions":[],"tempId":null,"tempWidgetId":null,"isValid":false,"isNew":false,"folderId":1,"permissionsFolderId":1,"isDynamic":0}],"permissions":[],"tempId":null,"owner":"senevodesigns","groupsWithPermissions":null,"folderId":1,"permissionsFolderId":1}}],"tags":[],"drawers":[{"regionId":686,"layoutId":418,"ownerId":4,"type":"drawer","name":"Senevo Default - Landscape-1 - drawer","width":1920,"height":1080,"top":0,"left":0,"zIndex":0,"syncKey":null,"regionOptions":[],"permissions":[],"duration":0,"isDrawer":1,"actions":[],"tempId":null,"regionPlaylist":{"playlistId":695,"ownerId":4,"name":"Senevo Default - Landscape-1 - drawer","regionId":686,"isDynamic":0,"filterMediaName":null,"filterMediaNameLogicalOperator":"OR","filterMediaTags":null,"filterExactTags":0,"filterMediaTagsLogicalOperator":"OR","maxNumberOfItems":0,"createdDt":"2023-11-03 13:55:51","modifiedDt":"2023-11-03 13:55:51","duration":0,"requiresDurationUpdate":0,"enableStat":null,"tags":[],"widgets":[],"permissions":[],"tempId":null,"owner":"senevodesigns","groupsWithPermissions":null,"folderId":1,"permissionsFolderId":1}}],"actions":[],"permissions":[],"campaigns":[],"owner":"senevodesigns","groupsWithPermissions":null,"folderId":1,"permissionsFolderId":1}}