[{"file":"Senevo Contact Me.png","mediaid":786,"name":"Contact Me QR Code.png","type":"image","duration":10,"background":0,"font":0,"tags":[]},{"file":"Senevo Logo - White.png","mediaid":782,"name":"Senevo Logo","type":"image","duration":10,"background":0,"font":0,"tags":[]},{"file":"Senevo Background - Green.PNG","mediaid":780,"name":"Senevo Background - Green.PNG","type":"image","duration":10,"background":1,"font":0,"tags":[]},{"file":"Aileron-Heavy.otf","fontId":1,"name":"Aileron Heavy Regular","type":"font","background":0,"font":1}]